{"cameraMode":{"drawMode":0,"name":"Shaded","section":"Shading Mode"},"sceneLighting":false,"audioPlay":false,"sceneViewState":{"showFog":true,"showMaterialUpdate":false,"showSkybox":false,"showFlares":true,"showImageEffects":true,"showParticleSystems":true},"in2DMode":false,"pivot":{"x":-1.2009180784225464,"y":3.630000114440918,"z":4.739999771118164},"rotation":{"x":-0.23653247952461244,"y":-0.011078325100243092,"z":0.002698250813409686,"w":-0.9715638756752014},"size":0.8660253882408142,"orthographic":false}