{"cameraMode":{"drawMode":0,"name":"Shaded","section":"Shading Mode"},"sceneLighting":true,"audioPlay":false,"sceneViewState":{"showFog":true,"showMaterialUpdate":false,"showSkybox":true,"showFlares":true,"showImageEffects":true,"showParticleSystems":true},"in2DMode":false,"pivot":{"x":-10.096384048461914,"y":0.9534608125686646,"z":37.834468841552737},"rotation":{"x":-0.12512435019016267,"y":0.704769492149353,"z":-0.12847205996513368,"w":-0.6864049434661865},"size":1.9976248741149903,"orthographic":false}