{"cameraMode":{"drawMode":0,"name":"Shaded","section":"Shading Mode"},"sceneLighting":false,"audioPlay":false,"sceneViewState":{"showFog":true,"showMaterialUpdate":false,"showSkybox":false,"showFlares":true,"showImageEffects":true,"showParticleSystems":true},"in2DMode":false,"pivot":{"x":-3.0820083618164064,"y":1.2407654523849488,"z":4.4099225997924809},"rotation":{"x":-0.13335490226745606,"y":-0.029136760160326959,"z":0.003921035211533308,"w":-0.990644633769989},"size":10.90667724609375,"orthographic":false}