{"cameraMode":{"drawMode":0,"name":"Shaded","section":"Shading Mode"},"sceneLighting":true,"audioPlay":false,"sceneViewState":{"showFog":true,"showMaterialUpdate":false,"showSkybox":true,"showFlares":true,"showImageEffects":true,"showParticleSystems":true},"in2DMode":false,"pivot":{"x":0.8414784073829651,"y":9.046608924865723,"z":48.90428161621094},"rotation":{"x":-0.08271317183971405,"y":-0.006879148539155722,"z":0.000570937991142273,"w":-0.9965490698814392},"size":19.683324813842775,"orthographic":false}