{"cameraMode":{"drawMode":0,"name":"Shaded","section":"Shading Mode"},"sceneLighting":true,"audioPlay":false,"sceneViewState":{"showFog":true,"showMaterialUpdate":false,"showSkybox":true,"showFlares":true,"showImageEffects":true,"showParticleSystems":true},"in2DMode":false,"pivot":{"x":0.4486030340194702,"y":13.255288124084473,"z":82.98859405517578},"rotation":{"x":0.06925290077924729,"y":-0.01135601568967104,"z":0.0007451118435710669,"w":0.9975926280021668},"size":41.9059944152832,"orthographic":false}