{"cameraMode":{"drawMode":0,"name":"Shaded","section":"Shading Mode"},"sceneLighting":true,"audioPlay":false,"sceneViewState":{"showFog":true,"showMaterialUpdate":false,"showSkybox":true,"showFlares":true,"showImageEffects":true,"showParticleSystems":true},"in2DMode":false,"pivot":{"x":-25.814207077026368,"y":49.410003662109378,"z":-9.529411315917969},"rotation":{"x":0.20348389446735383,"y":0.6695729494094849,"z":-0.1986127346754074,"w":0.6862401962280273},"size":41.9059944152832,"orthographic":false}