{"cameraMode":{"drawMode":0,"name":"Shaded","section":"Shading Mode"},"sceneLighting":true,"audioPlay":false,"sceneViewState":{"showFog":true,"showMaterialUpdate":false,"showSkybox":true,"showFlares":true,"showImageEffects":true,"showParticleSystems":true},"in2DMode":false,"pivot":{"x":-11.724733352661133,"y":7.827628135681152,"z":29.97927474975586},"rotation":{"x":-0.11506186425685883,"y":0.0913514718413353,"z":-0.010626752860844136,"w":-0.9890965223312378},"size":1.9023749828338624,"orthographic":false}